[{"model": "contenttypes.contenttype", "pk": 1, "fields": {"app_label": "admin", "model": "logentry"}}, {"model": "contenttypes.contenttype", "pk": 2, "fields": {"app_label": "auth", "model": "permission"}}, {"model": "contenttypes.contenttype", "pk": 3, "fields": {"app_label": "auth", "model": "group"}}, {"model": "contenttypes.contenttype", "pk": 4, "fields": {"app_label": "auth", "model": "user"}}, {"model": "contenttypes.contenttype", "pk": 5, "fields": {"app_label": "contenttypes", "model": "contenttype"}}, {"model": "contenttypes.contenttype", "pk": 6, "fields": {"app_label": "sessions", "model": "session"}}, {"model": "contenttypes.contenttype", "pk": 7, "fields": {"app_label": "posts", "model": "post"}}, {"model": "contenttypes.contenttype", "pk": 8, "fields": {"app_label": "posts", "model": "author"}}, {"model": "contenttypes.contenttype", "pk": 9, "fields": {"app_label": "posts", "model": "category"}}, {"model": "contenttypes.contenttype", "pk": 10, "fields": {"app_label": "promotions", "model": "signup"}}, {"model": "contenttypes.contenttype", "pk": 11, "fields": {"app_label": "posts", "model": "comment"}}, {"model": "contenttypes.contenttype", "pk": 12, "fields": {"app_label": "posts", "model": "postview"}}, {"model": "contenttypes.contenttype", "pk": 13, "fields": {"app_label": "users", "model": "profile"}}, {"model": "contenttypes.contenttype", "pk": 14, "fields": {"app_label": "projects", "model": "project"}}, {"model": "contenttypes.contenttype", "pk": 15, "fields": {"app_label": "portfolio", "model": "certificate"}}, {"model": "contenttypes.contenttype", "pk": 16, "fields": {"app_label": "review", "model": "review"}}, {"model": "sessions.session", "pk": "12pv4us0ard6nw3q9ev8sud7l6fxjvg5", "fields": {"session_data": "ZDhkYjI4YTY1MDQ1NTRhNGI1OWI2MGE5ODBiZThmNzdiODE0M2Q0ZTp7Il9hdXRoX3VzZXJfaWQiOiIxIiwiX2F1dGhfdXNlcl9iYWNrZW5kIjoiZGphbmdvLmNvbnRyaWIuYXV0aC5iYWNrZW5kcy5Nb2RlbEJhY2tlbmQiLCJfYXV0aF91c2VyX2hhc2giOiJkZmY2YzU4YjQ4OTc1NTdhOWViYTIyYzM1NWRhNDFmYjM3ZjQ0ZjZiIn0=", "expire_date": "2019-12-09T02:32:13.885Z"}}, {"model": "sessions.session", "pk": "ntdfb4uk6iaj470a98q3sbh3ma3p4a2u", "fields": {"session_data": "NzRlOTNmZjM0NjJiNWI1ZWI5ZTcwYTRjNDE3Nzc3NGE4NzEzNzI0ZDp7Il9hdXRoX3VzZXJfaWQiOiIxMyIsIl9hdXRoX3VzZXJfYmFja2VuZCI6ImRqYW5nby5jb250cmliLmF1dGguYmFja2VuZHMuTW9kZWxCYWNrZW5kIiwiX2F1dGhfdXNlcl9oYXNoIjoiNzY4NmRiZDlmNjZiMzM0MGU4MWYzYzFhYTYwYTg4ZWYzZDUzNmMxOCJ9", "expire_date": "2019-12-09T11:41:47.429Z"}}, {"model": "posts.category", "pk": 1, "fields": {"title": "Python"}}, {"model": "posts.category", "pk": 2, "fields": {"title": "Django"}}, {"model": "posts.category", "pk": 3, "fields": {"title": "AI"}}, {"model": "posts.category", "pk": 4, "fields": {"title": "ML"}}, {"model": "posts.category", "pk": 5, "fields": {"title": "Data Science"}}, {"model": "posts.category", "pk": 6, "fields": {"title": "Blockchain"}}, {"model": "posts.category", "pk": 7, "fields": {"title": "Statistics"}}, {"model": "posts.category", "pk": 8, "fields": {"title": "Mathematics"}}, {"model": "posts.category", "pk": 9, "fields": {"title": "Physics"}}, {"model": "posts.category", "pk": 10, "fields": {"title": "Space Science"}}, {"model": "posts.category", "pk": 11, "fields": {"title": "Programming"}}, {"model": "posts.post", "pk": 1, "fields": {"title": "This is post 01.", "overview": "Lorem ipsum dolor sit amet consectetur, adipisicing elit. Minus quae tenetur, totam aspernatur excepturi mollitia, sequi quisquam, numquam odio sapiente eaque cumque adipisci est voluptatem.", "timestamp": "2019-10-19T18:17:59.195Z", "content": "Lorem ipsum dolor sit amet consectetur adipisicing elit. Ullam perferendis animi totam dolorem eligendi assumenda obcaecati nesciunt quam voluptates, impedit necessitatibus blanditiis odio beatae quod architecto tenetur omnis ea nemo iure a et natus numquam. Ex, quisquam.", "author": 1, "thumbnail": "p01.jpg", "featured": true, "previous_post": null, "next_post": 2, "categories": [1]}}, {"model": "posts.post", "pk": 2, "fields": {"title": "This is post 02.", "overview": "Lorem ipsum dolor sit amet consectetur, adipisicing elit. Minus quae tenetur, totam aspernatur excepturi mollitia, sequi quisquam, numquam odio sapiente eaque cumque adipisci est voluptatem.", "timestamp": "2019-10-19T18:18:31.365Z", "content": "Lorem ipsum dolor sit amet consectetur adipisicing elit. Ullam perferendis animi totam dolorem eligendi assumenda obcaecati nesciunt quam voluptates, impedit necessitatibus blanditiis odio beatae quod architecto tenetur omnis ea nemo iure a et natus numquam. Ex, quisquam.", "author": 1, "thumbnail": "p02.jpg", "featured": true, "previous_post": 1, "next_post": 3, "categories": [2]}}, {"model": "posts.post", "pk": 3, "fields": {"title": "This is post 03.", "overview": "Lorem ipsum dolor sit amet consectetur, adipisicing elit. Minus quae tenetur, totam aspernatur excepturi mollitia, sequi quisquam, numquam odio sapiente eaque cumque adipisci est voluptatem.", "timestamp": "2019-10-19T18:19:03.953Z", "content": "Lorem ipsum dolor sit amet consectetur adipisicing elit. Ullam perferendis animi totam dolorem eligendi assumenda obcaecati nesciunt quam voluptates, impedit necessitatibus blanditiis odio beatae quod architecto tenetur omnis ea nemo iure a et natus numquam. Ex, quisquam.", "author": 1, "thumbnail": "p03.jpg", "featured": true, "previous_post": 2, "next_post": 4, "categories": [3]}}, {"model": "posts.post", "pk": 4, "fields": {"title": "This is post 04.", "overview": "Lorem ipsum dolor sit amet consectetur, adipisicing elit. Minus quae tenetur, totam aspernatur excepturi mollitia, sequi quisquam, numquam odio sapiente eaque cumque adipisci est voluptatem.", "timestamp": "2019-10-19T18:57:26.833Z", "content": "<p>Lorem ipsum dolor sit amet consectetur adipisicing elit. Ullam perferendis animi totam dolorem eligendi assumenda obcaecati nesciunt quam voluptates, impedit necessitatibus blanditiis odio beatae quod architecto tenetur omnis ea nemo iure a et natus numquam. Ex, quisquam.</p>", "author": 1, "thumbnail": "p04.jpg", "featured": false, "previous_post": 3, "next_post": 5, "categories": [6]}}, {"model": "posts.post", "pk": 5, "fields": {"title": "This is post 05.", "overview": "Lorem ipsum dolor sit amet consectetur, adipisicing elit. Minus quae tenetur, totam aspernatur excepturi mollitia, sequi quisquam, numquam odio sapiente eaque cumque adipisci est voluptatem.", "timestamp": "2019-10-19T18:57:55.918Z", "content": "Lorem ipsum dolor sit amet consectetur adipisicing elit. Ullam perferendis animi totam dolorem eligendi assumenda obcaecati nesciunt quam voluptates, impedit necessitatibus blanditiis odio beatae quod architecto tenetur omnis ea nemo iure a et natus numquam. Ex, quisquam.", "author": 1, "thumbnail": "p05.jpg", "featured": false, "previous_post": null, "next_post": null, "categories": [10]}}, {"model": "posts.post", "pk": 6, "fields": {"title": "This is post 06.", "overview": "Lorem ipsum dolor sit amet consectetur, adipisicing elit. Minus quae tenetur, totam aspernatur excepturi mollitia, sequi quisquam, numquam odio sapiente eaque cumque adipisci est voluptatem.", "timestamp": "2019-10-19T18:58:39.651Z", "content": "Lorem ipsum dolor sit amet consectetur adipisicing elit. Ullam perferendis animi totam dolorem eligendi assumenda obcaecati nesciunt quam voluptates, impedit necessitatibus blanditiis odio beatae quod architecto tenetur omnis ea nemo iure a et natus numquam. Ex, quisquam.", "author": 1, "thumbnail": "p06.jpg", "featured": false, "previous_post": 5, "next_post": 7, "categories": [4]}}, {"model": "posts.post", "pk": 7, "fields": {"title": "This is post 07.", "overview": "Lorem ipsum dolor sit amet consectetur, adipisicing elit. Minus quae tenetur, totam aspernatur excepturi mollitia, sequi quisquam, numquam odio sapiente eaque cumque adipisci est voluptatem.", "timestamp": "2019-10-19T18:59:03.271Z", "content": "Lorem ipsum dolor sit amet consectetur adipisicing elit. Ullam perferendis animi totam dolorem eligendi assumenda obcaecati nesciunt quam voluptates, impedit necessitatibus blanditiis odio beatae quod architecto tenetur omnis ea nemo iure a et natus numquam. Ex, quisquam.", "author": 1, "thumbnail": "p07.jpg", "featured": false, "previous_post": 6, "next_post": 8, "categories": [5]}}, {"model": "posts.post", "pk": 8, "fields": {"title": "This is post 08.", "overview": "Lorem ipsum dolor sit amet consectetur, adipisicing elit. Minus quae tenetur, totam aspernatur excepturi mollitia, sequi quisquam, numquam odio sapiente eaque cumque adipisci est voluptatem.", "timestamp": "2019-10-19T18:59:23.579Z", "content": "Lorem ipsum dolor sit amet consectetur adipisicing elit. Ullam perferendis animi totam dolorem eligendi assumenda obcaecati nesciunt quam voluptates, impedit necessitatibus blanditiis odio beatae quod architecto tenetur omnis ea nemo iure a et natus numquam. Ex, quisquam.", "author": 1, "thumbnail": "p08.jpg", "featured": false, "previous_post": 7, "next_post": 9, "categories": [7]}}, {"model": "posts.post", "pk": 9, "fields": {"title": "This is post 09.", "overview": "Lorem ipsum dolor sit amet consectetur, adipisicing elit. Minus quae tenetur, totam aspernatur excepturi mollitia, sequi quisquam, numquam odio sapiente eaque cumque adipisci est voluptatem.", "timestamp": "2019-10-19T18:59:50.876Z", "content": "Lorem ipsum dolor sit amet consectetur adipisicing elit. Ullam perferendis animi totam dolorem eligendi assumenda obcaecati nesciunt quam voluptates, impedit necessitatibus blanditiis odio beatae quod architecto tenetur omnis ea nemo iure a et natus numquam. Ex, quisquam.", "author": 1, "thumbnail": "p09.jpg", "featured": false, "previous_post": 8, "next_post": 10, "categories": [7]}}, {"model": "posts.post", "pk": 10, "fields": {"title": "This is post 10.", "overview": "Lorem ipsum dolor sit amet consectetur, adipisicing elit. Minus quae tenetur, totam aspernatur excepturi mollitia, sequi quisquam, numquam odio sapiente eaque cumque adipisci est voluptatem.", "timestamp": "2019-10-19T19:00:36.051Z", "content": "Lorem ipsum dolor sit amet consectetur adipisicing elit. Ullam perferendis animi totam dolorem eligendi assumenda obcaecati nesciunt quam voluptates, impedit necessitatibus blanditiis odio beatae quod architecto tenetur omnis ea nemo iure a et natus numquam. Ex, quisquam.", "author": 1, "thumbnail": "p10.jpg", "featured": false, "previous_post": 9, "next_post": 11, "categories": [7]}}, {"model": "posts.post", "pk": 11, "fields": {"title": "This is post 11.", "overview": "Lorem ipsum dolor sit amet consectetur, adipisicing elit. Minus quae tenetur, totam aspernatur excepturi mollitia, sequi quisquam, numquam odio sapiente eaque cumque adipisci est voluptatem.", "timestamp": "2019-10-19T19:00:57.978Z", "content": "Lorem ipsum dolor sit amet consectetur adipisicing elit. Ullam perferendis animi totam dolorem eligendi assumenda obcaecati nesciunt quam voluptates, impedit necessitatibus blanditiis odio beatae quod architecto tenetur omnis ea nemo iure a et natus numquam. Ex, quisquam.", "author": 1, "thumbnail": "p11.jpg", "featured": false, "previous_post": 10, "next_post": 12, "categories": [9]}}, {"model": "posts.post", "pk": 12, "fields": {"title": "This is post 12.", "overview": "Lorem ipsum dolor sit amet consectetur, adipisicing elit. Minus quae tenetur, totam aspernatur excepturi mollitia, sequi quisquam, numquam odio sapiente eaque cumque adipisci est voluptatem.", "timestamp": "2019-10-19T19:01:22.416Z", "content": "Lorem ipsum dolor sit amet consectetur adipisicing elit. Ullam perferendis animi totam dolorem eligendi assumenda obcaecati nesciunt quam voluptates, impedit necessitatibus blanditiis odio beatae quod architecto tenetur omnis ea nemo iure a et natus numquam. Ex, quisquam.", "author": 1, "thumbnail": "p12.jpg", "featured": false, "previous_post": 11, "next_post": null, "categories": [11]}}, {"model": "posts.post", "pk": 20, "fields": {"title": "my new post", "overview": "my new post updated", "timestamp": "2019-10-27T04:43:09.378Z", "content": "my new post", "author": 1, "thumbnail": "p06_JSjgKKt.jpg", "featured": false, "previous_post": 12, "next_post": 1, "categories": [1]}}, {"model": "posts.post", "pk": 21, "fields": {"title": "Hey this is a new post!", "overview": "Hey this is a new post!", "timestamp": "2019-10-27T08:07:14.818Z", "content": "Hey this is a new post!", "author": 1, "thumbnail": "a1.png", "featured": false, "previous_post": 20, "next_post": 1, "categories": [3]}}, {"model": "posts.post", "pk": 23, "fields": {"title": "This is another post!", "overview": "This is another post!", "timestamp": "2019-10-27T17:24:06.151Z", "content": "<p>This is another post!</p>\r\n\r\n<p><img alt=\"\" src=\"/media/uploads/2019/10/27/data.jpg\" style=\"border-style:solid; border-width:4px; height:200px; margin:4px; width:400px\" /></p>\r\n\r\n<p>This is another image!</p>", "author": 1, "thumbnail": "python.jpg", "featured": false, "previous_post": 12, "next_post": 1, "categories": [2]}}, {"model": "promotions.signup", "pk": 1, "fields": {"email": "test@email.com", "timestamp": "2019-10-19T19:16:19.442Z"}}, {"model": "promotions.signup", "pk": 2, "fields": {"email": "teertha.d87@rediffmail.com", "timestamp": "2019-11-08T17:09:34.213Z"}}, {"model": "promotions.signup", "pk": 3, "fields": {"email": "teertha.d87@rediffmail.com", "timestamp": "2019-11-08T17:15:57.825Z"}}, {"model": "promotions.signup", "pk": 4, "fields": {"email": "teertha.d87@rediffmail.com", "timestamp": "2019-11-08T17:17:08.284Z"}}, {"model": "promotions.signup", "pk": 5, "fields": {"email": "teertha.d87@rediffmail.com", "timestamp": "2019-11-08T17:23:03.454Z"}}, {"model": "portfolio.certificate", "pk": 1, "fields": {"title": "My First Certificate", "tagline": "My First Certificate tagline.", "content": "My First Certificate description. It is a long established fact that a reader will be distracted by the readable content of a page when looking at its layout. The point of using Lorem Ipsum is that it has a more-or-less normal distribution of letters, as opposed to using 'Content here, content here', making it look like readable English.", "thumbnail": "certificate1.jpg"}}, {"model": "portfolio.certificate", "pk": 2, "fields": {"title": "My Second Certificate", "tagline": "My Second Certificate tagline.", "content": "My Second Certificate description. It is a long established fact that a reader will be distracted by the readable content of a page when looking at its layout. The point of using Lorem Ipsum is that it has a more-or-less normal distribution of letters, as opposed to using 'Content here, content here', making it look like readable English.", "thumbnail": "certificate2.jpg"}}, {"model": "portfolio.certificate", "pk": 3, "fields": {"title": "IBM Applied AI Professional Certificate", "tagline": "My first real certificate.", "content": "I love all things Mathematics, Science and Technology. I created this blog as a place to share my thoughts and ideas on myriad topics as they as they pique my curiosity, and document my journey into the fascinating world of AI programming.", "thumbnail": "ai1.jpg"}}, {"model": "auth.permission", "pk": 1, "fields": {"name": "Can add log entry", "content_type": 1, "codename": "add_logentry"}}, {"model": "auth.permission", "pk": 2, "fields": {"name": "Can change log entry", "content_type": 1, "codename": "change_logentry"}}, {"model": "auth.permission", "pk": 3, "fields": {"name": "Can delete log entry", "content_type": 1, "codename": "delete_logentry"}}, {"model": "auth.permission", "pk": 4, "fields": {"name": "Can view log entry", "content_type": 1, "codename": "view_logentry"}}, {"model": "auth.permission", "pk": 5, "fields": {"name": "Can add permission", "content_type": 2, "codename": "add_permission"}}, {"model": "auth.permission", "pk": 6, "fields": {"name": "Can change permission", "content_type": 2, "codename": "change_permission"}}, {"model": "auth.permission", "pk": 7, "fields": {"name": "Can delete permission", "content_type": 2, "codename": "delete_permission"}}, {"model": "auth.permission", "pk": 8, "fields": {"name": "Can view permission", "content_type": 2, "codename": "view_permission"}}, {"model": "auth.permission", "pk": 9, "fields": {"name": "Can add group", "content_type": 3, "codename": "add_group"}}, {"model": "auth.permission", "pk": 10, "fields": {"name": "Can change group", "content_type": 3, "codename": "change_group"}}, {"model": "auth.permission", "pk": 11, "fields": {"name": "Can delete group", "content_type": 3, "codename": "delete_group"}}, {"model": "auth.permission", "pk": 12, "fields": {"name": "Can view group", "content_type": 3, "codename": "view_group"}}, {"model": "auth.permission", "pk": 13, "fields": {"name": "Can add user", "content_type": 4, "codename": "add_user"}}, {"model": "auth.permission", "pk": 14, "fields": {"name": "Can change user", "content_type": 4, "codename": "change_user"}}, {"model": "auth.permission", "pk": 15, "fields": {"name": "Can delete user", "content_type": 4, "codename": "delete_user"}}, {"model": "auth.permission", "pk": 16, "fields": {"name": "Can view user", "content_type": 4, "codename": "view_user"}}, {"model": "auth.permission", "pk": 17, "fields": {"name": "Can add content type", "content_type": 5, "codename": "add_contenttype"}}, {"model": "auth.permission", "pk": 18, "fields": {"name": "Can change content type", "content_type": 5, "codename": "change_contenttype"}}, {"model": "auth.permission", "pk": 19, "fields": {"name": "Can delete content type", "content_type": 5, "codename": "delete_contenttype"}}, {"model": "auth.permission", "pk": 20, "fields": {"name": "Can view content type", "content_type": 5, "codename": "view_contenttype"}}, {"model": "auth.permission", "pk": 21, "fields": {"name": "Can add session", "content_type": 6, "codename": "add_session"}}, {"model": "auth.permission", "pk": 22, "fields": {"name": "Can change session", "content_type": 6, "codename": "change_session"}}, {"model": "auth.permission", "pk": 23, "fields": {"name": "Can delete session", "content_type": 6, "codename": "delete_session"}}, {"model": "auth.permission", "pk": 24, "fields": {"name": "Can view session", "content_type": 6, "codename": "view_session"}}, {"model": "auth.permission", "pk": 25, "fields": {"name": "Can add post", "content_type": 7, "codename": "add_post"}}, {"model": "auth.permission", "pk": 26, "fields": {"name": "Can change post", "content_type": 7, "codename": "change_post"}}, {"model": "auth.permission", "pk": 27, "fields": {"name": "Can delete post", "content_type": 7, "codename": "delete_post"}}, {"model": "auth.permission", "pk": 28, "fields": {"name": "Can view post", "content_type": 7, "codename": "view_post"}}, {"model": "auth.permission", "pk": 29, "fields": {"name": "Can add author", "content_type": 8, "codename": "add_author"}}, {"model": "auth.permission", "pk": 30, "fields": {"name": "Can change author", "content_type": 8, "codename": "change_author"}}, {"model": "auth.permission", "pk": 31, "fields": {"name": "Can delete author", "content_type": 8, "codename": "delete_author"}}, {"model": "auth.permission", "pk": 32, "fields": {"name": "Can view author", "content_type": 8, "codename": "view_author"}}, {"model": "auth.permission", "pk": 33, "fields": {"name": "Can add category", "content_type": 9, "codename": "add_category"}}, {"model": "auth.permission", "pk": 34, "fields": {"name": "Can change category", "content_type": 9, "codename": "change_category"}}, {"model": "auth.permission", "pk": 35, "fields": {"name": "Can delete category", "content_type": 9, "codename": "delete_category"}}, {"model": "auth.permission", "pk": 36, "fields": {"name": "Can view category", "content_type": 9, "codename": "view_category"}}, {"model": "auth.permission", "pk": 37, "fields": {"name": "Can add signup", "content_type": 10, "codename": "add_signup"}}, {"model": "auth.permission", "pk": 38, "fields": {"name": "Can change signup", "content_type": 10, "codename": "change_signup"}}, {"model": "auth.permission", "pk": 39, "fields": {"name": "Can delete signup", "content_type": 10, "codename": "delete_signup"}}, {"model": "auth.permission", "pk": 40, "fields": {"name": "Can view signup", "content_type": 10, "codename": "view_signup"}}, {"model": "auth.permission", "pk": 41, "fields": {"name": "Can add comment", "content_type": 11, "codename": "add_comment"}}, {"model": "auth.permission", "pk": 42, "fields": {"name": "Can change comment", "content_type": 11, "codename": "change_comment"}}, {"model": "auth.permission", "pk": 43, "fields": {"name": "Can delete comment", "content_type": 11, "codename": "delete_comment"}}, {"model": "auth.permission", "pk": 44, "fields": {"name": "Can view comment", "content_type": 11, "codename": "view_comment"}}, {"model": "auth.permission", "pk": 45, "fields": {"name": "Can add post view", "content_type": 12, "codename": "add_postview"}}, {"model": "auth.permission", "pk": 46, "fields": {"name": "Can change post view", "content_type": 12, "codename": "change_postview"}}, {"model": "auth.permission", "pk": 47, "fields": {"name": "Can delete post view", "content_type": 12, "codename": "delete_postview"}}, {"model": "auth.permission", "pk": 48, "fields": {"name": "Can view post view", "content_type": 12, "codename": "view_postview"}}, {"model": "auth.permission", "pk": 49, "fields": {"name": "Can add profile", "content_type": 13, "codename": "add_profile"}}, {"model": "auth.permission", "pk": 50, "fields": {"name": "Can change profile", "content_type": 13, "codename": "change_profile"}}, {"model": "auth.permission", "pk": 51, "fields": {"name": "Can delete profile", "content_type": 13, "codename": "delete_profile"}}, {"model": "auth.permission", "pk": 52, "fields": {"name": "Can view profile", "content_type": 13, "codename": "view_profile"}}, {"model": "auth.permission", "pk": 53, "fields": {"name": "Can add project", "content_type": 14, "codename": "add_project"}}, {"model": "auth.permission", "pk": 54, "fields": {"name": "Can change project", "content_type": 14, "codename": "change_project"}}, {"model": "auth.permission", "pk": 55, "fields": {"name": "Can delete project", "content_type": 14, "codename": "delete_project"}}, {"model": "auth.permission", "pk": 56, "fields": {"name": "Can view project", "content_type": 14, "codename": "view_project"}}, {"model": "auth.permission", "pk": 57, "fields": {"name": "Can add certificate", "content_type": 15, "codename": "add_certificate"}}, {"model": "auth.permission", "pk": 58, "fields": {"name": "Can change certificate", "content_type": 15, "codename": "change_certificate"}}, {"model": "auth.permission", "pk": 59, "fields": {"name": "Can delete certificate", "content_type": 15, "codename": "delete_certificate"}}, {"model": "auth.permission", "pk": 60, "fields": {"name": "Can view certificate", "content_type": 15, "codename": "view_certificate"}}, {"model": "auth.permission", "pk": 61, "fields": {"name": "Can add review", "content_type": 16, "codename": "add_review"}}, {"model": "auth.permission", "pk": 62, "fields": {"name": "Can change review", "content_type": 16, "codename": "change_review"}}, {"model": "auth.permission", "pk": 63, "fields": {"name": "Can delete review", "content_type": 16, "codename": "delete_review"}}, {"model": "auth.permission", "pk": 64, "fields": {"name": "Can view review", "content_type": 16, "codename": "view_review"}}, {"model": "auth.user", "pk": 1, "fields": {"password": "pbkdf2_sha256$120000$qDxWBhTewyrA$jNGQ3e5nVB/vf9jYXXC2vLUAEKM16hctto5MUzMkM88=", "last_login": "2019-11-25T02:32:13.504Z", "is_superuser": true, "username": "Teertha", "first_name": "", "last_name": "", "email": "teertha.d87@gmail.com", "is_staff": true, "is_active": true, "date_joined": "2019-10-19T18:08:17.737Z", "groups": [], "user_permissions": []}}, {"model": "auth.user", "pk": 8, "fields": {"password": "pbkdf2_sha256$150000$fA0mdL8orbEk$nxA+BASHwqfIkto2ZLhWgDxCR5a5Kgmj8nQcDVgJ8n8=", "last_login": "2019-10-27T07:01:42.810Z", "is_superuser": false, "username": "Arjun1", "first_name": "Arjun", "last_name": "Aroskar", "email": "arjun@email.com", "is_staff": false, "is_active": true, "date_joined": "2019-10-27T07:01:32.151Z", "groups": [], "user_permissions": []}}, {"model": "auth.user", "pk": 9, "fields": {"password": "pbkdf2_sha256$150000$ZnrXvoWkg0Hc$zeeAVZDiB+K7E/l1XuRuTtzhjgRXjxAsWQIVuAVlODU=", "last_login": "2019-10-27T08:07:45.055Z", "is_superuser": false, "username": "Arjun", "first_name": "Arjun", "last_name": "Aroskar", "email": "arjun@email.com", "is_staff": false, "is_active": true, "date_joined": "2019-10-27T07:53:42.888Z", "groups": [], "user_permissions": []}}, {"model": "auth.user", "pk": 10, "fields": {"password": "pbkdf2_sha256$150000$XYvebqxlfWFh$jrp1TnVnxLfd86rFxEDDgzsTZuwT1ft1ERzpVFSq1+k=", "last_login": "2019-11-03T16:36:02.470Z", "is_superuser": false, "username": "akash", "first_name": "a", "last_name": "s", "email": "asd@asd.com", "is_staff": false, "is_active": true, "date_joined": "2019-11-03T16:35:47.951Z", "groups": [], "user_permissions": []}}, {"model": "auth.user", "pk": 11, "fields": {"password": "pbkdf2_sha256$120000$DLX83ZIkzNF4$KQRF2xxsgXOzNNXiXeEI2adBq8htm+AnVFuMd0ToCUY=", "last_login": "2019-11-17T11:09:22.703Z", "is_superuser": false, "username": "raj", "first_name": "raj", "last_name": "kj", "email": "raj@email.com", "is_staff": false, "is_active": true, "date_joined": "2019-11-17T11:09:14.869Z", "groups": [], "user_permissions": []}}, {"model": "auth.user", "pk": 12, "fields": {"password": "pbkdf2_sha256$120000$xmEWToZhXqZp$AywTQm5Mb+qkMFawSk0bvrkmevhIRH9z9wmiaNQiLfs=", "last_login": "2019-11-25T04:35:14.948Z", "is_superuser": false, "username": "cstayade", "first_name": "Chandrashekhar", "last_name": "Tayade", "email": "chandutayade22389@gmail.com", "is_staff": false, "is_active": true, "date_joined": "2019-11-25T04:35:02.627Z", "groups": [], "user_permissions": []}}, {"model": "auth.user", "pk": 13, "fields": {"password": "pbkdf2_sha256$120000$HbTfaby158KN$EVpidEGrqbj7aadosfVLzgj4umfx1VuiutKU5cL7ebs=", "last_login": "2019-11-25T11:41:47.370Z", "is_superuser": false, "username": "rajarv", "first_name": "raj\u00e1", "last_name": "reddy", "email": "rajavundela1042@gmail.com", "is_staff": false, "is_active": true, "date_joined": "2019-11-25T11:41:25.579Z", "groups": [], "user_permissions": []}}, {"model": "posts.postview", "pk": 3, "fields": {"user": 1, "post": 1}}, {"model": "posts.postview", "pk": 4, "fields": {"user": 1, "post": 12}}, {"model": "posts.postview", "pk": 6, "fields": {"user": 1, "post": 20}}, {"model": "posts.postview", "pk": 8, "fields": {"user": 8, "post": 20}}, {"model": "posts.postview", "pk": 9, "fields": {"user": 1, "post": 21}}, {"model": "posts.postview", "pk": 10, "fields": {"user": 9, "post": 21}}, {"model": "posts.postview", "pk": 12, "fields": {"user": 1, "post": 23}}, {"model": "posts.postview", "pk": 13, "fields": {"user": 1, "post": 4}}, {"model": "posts.postview", "pk": 14, "fields": {"user": 1, "post": 2}}, {"model": "posts.postview", "pk": 15, "fields": {"user": 1, "post": 7}}, {"model": "posts.postview", "pk": 16, "fields": {"user": 1, "post": 3}}, {"model": "posts.postview", "pk": 17, "fields": {"user": 11, "post": 2}}, {"model": "posts.postview", "pk": 18, "fields": {"user": 12, "post": 1}}, {"model": "posts.author", "pk": 1, "fields": {"user": 1, "profile_picture": "myface.jpg"}}, {"model": "posts.author", "pk": 2, "fields": {"user": 10, "profile_picture": "gates.jpg"}}, {"model": "posts.comment", "pk": 14, "fields": {"user": 1, "timestamp": "2019-10-27T04:43:37.836Z", "content": "Hi!", "post": 20}}, {"model": "posts.comment", "pk": 16, "fields": {"user": 8, "timestamp": "2019-10-27T07:06:48.948Z", "content": "hello!", "post": 20}}, {"model": "posts.comment", "pk": 17, "fields": {"user": 9, "timestamp": "2019-10-27T08:08:06.369Z", "content": "Hello!", "post": 21}}, {"model": "posts.comment", "pk": 19, "fields": {"user": 1, "timestamp": "2019-11-03T16:38:53.839Z", "content": "hi", "post": 21}}, {"model": "posts.comment", "pk": 20, "fields": {"user": 1, "timestamp": "2019-11-12T14:08:14.876Z", "content": "Hi!", "post": 2}}, {"model": "posts.comment", "pk": 21, "fields": {"user": 11, "timestamp": "2019-11-17T11:09:52.168Z", "content": "Hello from Raj!", "post": 2}}, {"model": "posts.comment", "pk": 22, "fields": {"user": 12, "timestamp": "2019-11-25T04:36:08.662Z", "content": "Hello anirban, keep us posted with the new ideas.", "post": 1}}, {"model": "projects.project", "pk": 2, "fields": {"title": "My Second Project!", "category": "Python", "tagline": "My Second Project tagline!", "content": "<p>My Second Project content!</p>", "thumbnail": "citadel-grow-your-business-with-artificial-intelligence-600x400.jpg", "date": "2019-10-28T08:40:41Z", "author": 1}}, {"model": "projects.project", "pk": 3, "fields": {"title": "My Third Project!", "category": "General", "tagline": "My Third Project tagline!", "content": "<p>My Third Project content!</p>", "thumbnail": "py2_PIhxwJv.jpg", "date": "2019-10-28T08:41:46Z", "author": 1}}, {"model": "projects.project", "pk": 4, "fields": {"title": "My Fourth Project!", "category": "ML", "tagline": "My Fourth Project tagline! Now updated!", "content": "<p>My 4th project content!</p>\r\n\r\n<p><img alt=\"\" src=\"/media/uploads/2019/10/30/camera.jpg\" style=\"height:320px; width:480px\" /></p>\r\n\r\n<p>More content! Now updated!</p>", "thumbnail": "blockchain.jpg", "date": "2019-10-30T05:57:46.628Z", "author": 1}}, {"model": "review.review", "pk": 1, "fields": {"title": "Review 1", "category": "General", "tagline": "My first review tagline.", "content": "<p>My first review content.</p>", "thumbnail": "review1.jpg", "date": "2019-11-06T12:10:04Z", "author": 1}}, {"model": "review.review", "pk": 2, "fields": {"title": "Review 2", "category": "General", "tagline": "My second review tagline.", "content": "<p>My second review content.</p>", "thumbnail": "review2.jpg", "date": "2019-11-06T12:13:23Z", "author": 1}}, {"model": "review.review", "pk": 3, "fields": {"title": "Review 3", "category": "General", "tagline": "My third review tagline.", "content": "<p>My third review content.</p>", "thumbnail": "review3.jpg", "date": "2019-11-06T12:14:04Z", "author": 1}}, {"model": "review.review", "pk": 4, "fields": {"title": "My new Review", "category": "Python", "tagline": "My new review tagline.", "content": "<p>My new review content.</p>", "thumbnail": "heromath_XRf5ja2.jpg", "date": "2019-11-06T12:57:13.182Z", "author": 1}}, {"model": "review.review", "pk": 5, "fields": {"title": "Review 4", "category": "Science", "tagline": "4th Review tagline.", "content": "<p>4th Review content.</p>", "thumbnail": "heromath_iKdWpiO.jpg", "date": "2019-11-07T16:34:30Z", "author": 1}}, {"model": "review.review", "pk": 6, "fields": {"title": "Production test", "category": "Analytics", "tagline": "Production test", "content": "<p>Production test</p>", "thumbnail": "p10_kpKxOcL.jpg", "date": "2019-11-17T11:04:42.616Z", "author": 1}}, {"model": "users.profile", "pk": 1, "fields": {"user": 1, "image": "media/profile_pics/1.jpg", "first_name": "Anirban", "last_name": "Datta", "bio": "Test bio"}}, {"model": "users.profile", "pk": 3, "fields": {"user": 8, "image": "media/profile_pics/3.jpg", "first_name": "Arjun1", "last_name": "Aroskar1", "bio": "test"}}, {"model": "users.profile", "pk": 4, "fields": {"user": 9, "image": "default.jpg", "first_name": null, "last_name": null, "bio": null}}, {"model": "users.profile", "pk": 5, "fields": {"user": 10, "image": "default.jpg", "first_name": null, "last_name": null, "bio": null}}, {"model": "users.profile", "pk": 6, "fields": {"user": 11, "image": "default.jpg", "first_name": null, "last_name": null, "bio": null}}, {"model": "users.profile", "pk": 7, "fields": {"user": 12, "image": "default.jpg", "first_name": null, "last_name": null, "bio": null}}, {"model": "users.profile", "pk": 8, "fields": {"user": 13, "image": "default.jpg", "first_name": null, "last_name": null, "bio": null}}, {"model": "admin.logentry", "pk": 1, "fields": {"action_time": "2019-10-19T18:12:47.970Z", "user": 1, "content_type": 8, "object_id": "1", "object_repr": "Teertha", "action_flag": 1, "change_message": "[{\"added\": {}}]"}}, {"model": "admin.logentry", "pk": 2, "fields": {"action_time": "2019-10-19T18:13:08.807Z", "user": 1, "content_type": 9, "object_id": "1", "object_repr": "Python", "action_flag": 1, "change_message": "[{\"added\": {}}]"}}, {"model": "admin.logentry", "pk": 3, "fields": {"action_time": "2019-10-19T18:13:15.829Z", "user": 1, "content_type": 9, "object_id": "2", "object_repr": "Django", "action_flag": 1, "change_message": "[{\"added\": {}}]"}}, {"model": "admin.logentry", "pk": 4, "fields": {"action_time": "2019-10-19T18:13:21.222Z", "user": 1, "content_type": 9, "object_id": "3", "object_repr": "AI", "action_flag": 1, "change_message": "[{\"added\": {}}]"}}, {"model": "admin.logentry", "pk": 5, "fields": {"action_time": "2019-10-19T18:13:26.210Z", "user": 1, "content_type": 9, "object_id": "4", "object_repr": "ML", "action_flag": 1, "change_message": "[{\"added\": {}}]"}}, {"model": "admin.logentry", "pk": 6, "fields": {"action_time": "2019-10-19T18:13:35.278Z", "user": 1, "content_type": 9, "object_id": "5", "object_repr": "Data Science", "action_flag": 1, "change_message": "[{\"added\": {}}]"}}, {"model": "admin.logentry", "pk": 7, "fields": {"action_time": "2019-10-19T18:13:52.101Z", "user": 1, "content_type": 9, "object_id": "6", "object_repr": "Blockchain", "action_flag": 1, "change_message": "[{\"added\": {}}]"}}, {"model": "admin.logentry", "pk": 8, "fields": {"action_time": "2019-10-19T18:14:18.230Z", "user": 1, "content_type": 9, "object_id": "7", "object_repr": "Statistics", "action_flag": 1, "change_message": "[{\"added\": {}}]"}}, {"model": "admin.logentry", "pk": 9, "fields": {"action_time": "2019-10-19T18:14:42.935Z", "user": 1, "content_type": 9, "object_id": "8", "object_repr": "Mathematics", "action_flag": 1, "change_message": "[{\"added\": {}}]"}}, {"model": "admin.logentry", "pk": 10, "fields": {"action_time": "2019-10-19T18:14:50.830Z", "user": 1, "content_type": 9, "object_id": "9", "object_repr": "Physics", "action_flag": 1, "change_message": "[{\"added\": {}}]"}}, {"model": "admin.logentry", "pk": 11, "fields": {"action_time": "2019-10-19T18:15:05.282Z", "user": 1, "content_type": 9, "object_id": "10", "object_repr": "Space Science", "action_flag": 1, "change_message": "[{\"added\": {}}]"}}, {"model": "admin.logentry", "pk": 12, "fields": {"action_time": "2019-10-19T18:15:24.332Z", "user": 1, "content_type": 9, "object_id": "11", "object_repr": "Programming", "action_flag": 1, "change_message": "[{\"added\": {}}]"}}, {"model": "admin.logentry", "pk": 13, "fields": {"action_time": "2019-10-19T18:17:59.215Z", "user": 1, "content_type": 7, "object_id": "1", "object_repr": "This is post 01.", "action_flag": 1, "change_message": "[{\"added\": {}}]"}}, {"model": "admin.logentry", "pk": 14, "fields": {"action_time": "2019-10-19T18:18:31.399Z", "user": 1, "content_type": 7, "object_id": "2", "object_repr": "This is post 02.", "action_flag": 1, "change_message": "[{\"added\": {}}]"}}, {"model": "admin.logentry", "pk": 15, "fields": {"action_time": "2019-10-19T18:19:03.996Z", "user": 1, "content_type": 7, "object_id": "3", "object_repr": "This is post 03.", "action_flag": 1, "change_message": "[{\"added\": {}}]"}}, {"model": "admin.logentry", "pk": 16, "fields": {"action_time": "2019-10-19T18:37:50.614Z", "user": 1, "content_type": 8, "object_id": "1", "object_repr": "Teertha", "action_flag": 2, "change_message": "[{\"changed\": {\"fields\": [\"profile_picture\"]}}]"}}, {"model": "admin.logentry", "pk": 17, "fields": {"action_time": "2019-10-19T18:57:26.848Z", "user": 1, "content_type": 7, "object_id": "4", "object_repr": "This is post 04.", "action_flag": 1, "change_message": "[{\"added\": {}}]"}}, {"model": "admin.logentry", "pk": 18, "fields": {"action_time": "2019-10-19T18:57:55.950Z", "user": 1, "content_type": 7, "object_id": "5", "object_repr": "This is post 05.", "action_flag": 1, "change_message": "[{\"added\": {}}]"}}, {"model": "admin.logentry", "pk": 19, "fields": {"action_time": "2019-10-19T18:58:39.686Z", "user": 1, "content_type": 7, "object_id": "6", "object_repr": "This is post 06.", "action_flag": 1, "change_message": "[{\"added\": {}}]"}}, {"model": "admin.logentry", "pk": 20, "fields": {"action_time": "2019-10-19T18:59:03.288Z", "user": 1, "content_type": 7, "object_id": "7", "object_repr": "This is post 07.", "action_flag": 1, "change_message": "[{\"added\": {}}]"}}, {"model": "admin.logentry", "pk": 21, "fields": {"action_time": "2019-10-19T18:59:23.595Z", "user": 1, "content_type": 7, "object_id": "8", "object_repr": "This is post 08.", "action_flag": 1, "change_message": "[{\"added\": {}}]"}}, {"model": "admin.logentry", "pk": 22, "fields": {"action_time": "2019-10-19T18:59:50.894Z", "user": 1, "content_type": 7, "object_id": "9", "object_repr": "This is post 09.", "action_flag": 1, "change_message": "[{\"added\": {}}]"}}, {"model": "admin.logentry", "pk": 23, "fields": {"action_time": "2019-10-19T19:00:36.065Z", "user": 1, "content_type": 7, "object_id": "10", "object_repr": "This is post 10.", "action_flag": 1, "change_message": "[{\"added\": {}}]"}}, {"model": "admin.logentry", "pk": 24, "fields": {"action_time": "2019-10-19T19:00:57.997Z", "user": 1, "content_type": 7, "object_id": "11", "object_repr": "This is post 11.", "action_flag": 1, "change_message": "[{\"added\": {}}]"}}, {"model": "admin.logentry", "pk": 25, "fields": {"action_time": "2019-10-19T19:01:22.431Z", "user": 1, "content_type": 7, "object_id": "12", "object_repr": "This is post 12.", "action_flag": 1, "change_message": "[{\"added\": {}}]"}}, {"model": "admin.logentry", "pk": 26, "fields": {"action_time": "2019-10-22T03:20:38.905Z", "user": 1, "content_type": 7, "object_id": "1", "object_repr": "This is post 01.", "action_flag": 2, "change_message": "[{\"changed\": {\"fields\": [\"content\"]}}]"}}, {"model": "admin.logentry", "pk": 27, "fields": {"action_time": "2019-10-22T03:21:03.971Z", "user": 1, "content_type": 7, "object_id": "2", "object_repr": "This is post 02.", "action_flag": 2, "change_message": "[{\"changed\": {\"fields\": [\"content\"]}}]"}}, {"model": "admin.logentry", "pk": 28, "fields": {"action_time": "2019-10-22T03:21:13.513Z", "user": 1, "content_type": 7, "object_id": "3", "object_repr": "This is post 03.", "action_flag": 2, "change_message": "[{\"changed\": {\"fields\": [\"content\"]}}]"}}, {"model": "admin.logentry", "pk": 29, "fields": {"action_time": "2019-10-22T03:21:22.859Z", "user": 1, "content_type": 7, "object_id": "4", "object_repr": "This is post 04.", "action_flag": 2, "change_message": "[{\"changed\": {\"fields\": [\"content\"]}}]"}}, {"model": "admin.logentry", "pk": 30, "fields": {"action_time": "2019-10-22T03:21:30.877Z", "user": 1, "content_type": 7, "object_id": "5", "object_repr": "This is post 05.", "action_flag": 2, "change_message": "[{\"changed\": {\"fields\": [\"content\"]}}]"}}, {"model": "admin.logentry", "pk": 31, "fields": {"action_time": "2019-10-22T03:21:41.289Z", "user": 1, "content_type": 7, "object_id": "6", "object_repr": "This is post 06.", "action_flag": 2, "change_message": "[{\"changed\": {\"fields\": [\"content\"]}}]"}}, {"model": "admin.logentry", "pk": 32, "fields": {"action_time": "2019-10-22T03:21:51.258Z", "user": 1, "content_type": 7, "object_id": "7", "object_repr": "This is post 07.", "action_flag": 2, "change_message": "[{\"changed\": {\"fields\": [\"content\"]}}]"}}, {"model": "admin.logentry", "pk": 33, "fields": {"action_time": "2019-10-22T03:21:59.869Z", "user": 1, "content_type": 7, "object_id": "8", "object_repr": "This is post 08.", "action_flag": 2, "change_message": "[{\"changed\": {\"fields\": [\"content\"]}}]"}}, {"model": "admin.logentry", "pk": 34, "fields": {"action_time": "2019-10-22T03:22:08.205Z", "user": 1, "content_type": 7, "object_id": "9", "object_repr": "This is post 09.", "action_flag": 2, "change_message": "[{\"changed\": {\"fields\": [\"content\"]}}]"}}, {"model": "admin.logentry", "pk": 35, "fields": {"action_time": "2019-10-22T03:22:17.271Z", "user": 1, "content_type": 7, "object_id": "10", "object_repr": "This is post 10.", "action_flag": 2, "change_message": "[{\"changed\": {\"fields\": [\"content\"]}}]"}}, {"model": "admin.logentry", "pk": 36, "fields": {"action_time": "2019-10-22T03:22:26.987Z", "user": 1, "content_type": 7, "object_id": "11", "object_repr": "This is post 11.", "action_flag": 2, "change_message": "[{\"changed\": {\"fields\": [\"content\"]}}]"}}, {"model": "admin.logentry", "pk": 37, "fields": {"action_time": "2019-10-22T03:22:36.708Z", "user": 1, "content_type": 7, "object_id": "12", "object_repr": "This is post 12.", "action_flag": 2, "change_message": "[{\"changed\": {\"fields\": [\"content\"]}}]"}}, {"model": "admin.logentry", "pk": 38, "fields": {"action_time": "2019-10-24T08:00:57.112Z", "user": 1, "content_type": 7, "object_id": "1", "object_repr": "This is post 01.", "action_flag": 2, "change_message": "[{\"changed\": {\"fields\": [\"next_post\"]}}]"}}, {"model": "admin.logentry", "pk": 39, "fields": {"action_time": "2019-10-24T08:01:11.258Z", "user": 1, "content_type": 7, "object_id": "2", "object_repr": "This is post 02.", "action_flag": 2, "change_message": "[{\"changed\": {\"fields\": [\"previous_post\", \"next_post\"]}}]"}}, {"model": "admin.logentry", "pk": 40, "fields": {"action_time": "2019-10-24T08:01:31.322Z", "user": 1, "content_type": 7, "object_id": "3", "object_repr": "This is post 03.", "action_flag": 2, "change_message": "[{\"changed\": {\"fields\": [\"previous_post\", \"next_post\"]}}]"}}, {"model": "admin.logentry", "pk": 41, "fields": {"action_time": "2019-10-24T08:01:48.898Z", "user": 1, "content_type": 7, "object_id": "4", "object_repr": "This is post 04.", "action_flag": 2, "change_message": "[{\"changed\": {\"fields\": [\"previous_post\", \"next_post\"]}}]"}}, {"model": "admin.logentry", "pk": 42, "fields": {"action_time": "2019-10-24T08:02:12.664Z", "user": 1, "content_type": 7, "object_id": "6", "object_repr": "This is post 06.", "action_flag": 2, "change_message": "[{\"changed\": {\"fields\": [\"previous_post\", \"next_post\"]}}]"}}, {"model": "admin.logentry", "pk": 43, "fields": {"action_time": "2019-10-24T08:02:29.573Z", "user": 1, "content_type": 7, "object_id": "7", "object_repr": "This is post 07.", "action_flag": 2, "change_message": "[{\"changed\": {\"fields\": [\"previous_post\", \"next_post\"]}}]"}}, {"model": "admin.logentry", "pk": 44, "fields": {"action_time": "2019-10-24T08:02:47.050Z", "user": 1, "content_type": 7, "object_id": "8", "object_repr": "This is post 08.", "action_flag": 2, "change_message": "[{\"changed\": {\"fields\": [\"previous_post\", \"next_post\"]}}]"}}, {"model": "admin.logentry", "pk": 45, "fields": {"action_time": "2019-10-24T08:03:03.810Z", "user": 1, "content_type": 7, "object_id": "9", "object_repr": "This is post 09.", "action_flag": 2, "change_message": "[{\"changed\": {\"fields\": [\"previous_post\", \"next_post\"]}}]"}}, {"model": "admin.logentry", "pk": 46, "fields": {"action_time": "2019-10-24T08:03:23.999Z", "user": 1, "content_type": 7, "object_id": "10", "object_repr": "This is post 10.", "action_flag": 2, "change_message": "[{\"changed\": {\"fields\": [\"previous_post\", \"next_post\"]}}]"}}, {"model": "admin.logentry", "pk": 47, "fields": {"action_time": "2019-10-24T08:03:40.671Z", "user": 1, "content_type": 7, "object_id": "11", "object_repr": "This is post 11.", "action_flag": 2, "change_message": "[{\"changed\": {\"fields\": [\"previous_post\", \"next_post\"]}}]"}}, {"model": "admin.logentry", "pk": 48, "fields": {"action_time": "2019-10-24T08:03:54.261Z", "user": 1, "content_type": 7, "object_id": "12", "object_repr": "This is post 12.", "action_flag": 2, "change_message": "[{\"changed\": {\"fields\": [\"previous_post\"]}}]"}}, {"model": "admin.logentry", "pk": 49, "fields": {"action_time": "2019-10-24T08:59:17.952Z", "user": 1, "content_type": 11, "object_id": "1", "object_repr": "Teertha", "action_flag": 1, "change_message": "[{\"added\": {}}]"}}, {"model": "admin.logentry", "pk": 50, "fields": {"action_time": "2019-10-24T08:59:34.658Z", "user": 1, "content_type": 11, "object_id": "2", "object_repr": "Teertha", "action_flag": 1, "change_message": "[{\"added\": {}}]"}}, {"model": "admin.logentry", "pk": 51, "fields": {"action_time": "2019-10-25T07:21:19.928Z", "user": 1, "content_type": 7, "object_id": "13", "object_repr": "New Post updated", "action_flag": 2, "change_message": "[{\"changed\": {\"fields\": [\"title\"]}}]"}}, {"model": "admin.logentry", "pk": 52, "fields": {"action_time": "2019-10-25T07:35:30.280Z", "user": 1, "content_type": 7, "object_id": "15", "object_repr": "New post new", "action_flag": 3, "change_message": ""}}, {"model": "admin.logentry", "pk": 53, "fields": {"action_time": "2019-10-25T07:35:30.466Z", "user": 1, "content_type": 7, "object_id": "14", "object_repr": "New post", "action_flag": 3, "change_message": ""}}, {"model": "admin.logentry", "pk": 54, "fields": {"action_time": "2019-10-25T08:05:39.608Z", "user": 1, "content_type": 11, "object_id": "6", "object_repr": "Teertha", "action_flag": 3, "change_message": ""}}, {"model": "admin.logentry", "pk": 55, "fields": {"action_time": "2019-10-25T08:05:39.823Z", "user": 1, "content_type": 11, "object_id": "5", "object_repr": "Teertha", "action_flag": 3, "change_message": ""}}, {"model": "admin.logentry", "pk": 56, "fields": {"action_time": "2019-10-25T08:05:39.989Z", "user": 1, "content_type": 11, "object_id": "4", "object_repr": "Teertha", "action_flag": 3, "change_message": ""}}, {"model": "admin.logentry", "pk": 57, "fields": {"action_time": "2019-10-25T08:05:40.134Z", "user": 1, "content_type": 11, "object_id": "3", "object_repr": "Teertha", "action_flag": 3, "change_message": ""}}, {"model": "admin.logentry", "pk": 58, "fields": {"action_time": "2019-10-25T08:05:40.342Z", "user": 1, "content_type": 11, "object_id": "2", "object_repr": "Teertha", "action_flag": 3, "change_message": ""}}, {"model": "admin.logentry", "pk": 59, "fields": {"action_time": "2019-10-25T08:05:40.542Z", "user": 1, "content_type": 11, "object_id": "1", "object_repr": "Teertha", "action_flag": 3, "change_message": ""}}, {"model": "admin.logentry", "pk": 60, "fields": {"action_time": "2019-10-25T09:31:05.964Z", "user": 1, "content_type": 7, "object_id": "18", "object_repr": "New Post updated again", "action_flag": 3, "change_message": ""}}, {"model": "admin.logentry", "pk": 61, "fields": {"action_time": "2019-10-26T18:44:22.392Z", "user": 1, "content_type": 4, "object_id": "2", "object_repr": "nu1", "action_flag": 3, "change_message": ""}}, {"model": "admin.logentry", "pk": 62, "fields": {"action_time": "2019-10-26T18:44:22.589Z", "user": 1, "content_type": 4, "object_id": "3", "object_repr": "nu2", "action_flag": 3, "change_message": ""}}, {"model": "admin.logentry", "pk": 63, "fields": {"action_time": "2019-10-27T06:14:14.880Z", "user": 1, "content_type": 13, "object_id": "1", "object_repr": "Teertha's Profile", "action_flag": 1, "change_message": "[{\"added\": {}}]"}}, {"model": "admin.logentry", "pk": 64, "fields": {"action_time": "2019-10-27T06:25:41.499Z", "user": 1, "content_type": 4, "object_id": "4", "object_repr": "Amit", "action_flag": 3, "change_message": ""}}, {"model": "admin.logentry", "pk": 65, "fields": {"action_time": "2019-10-27T06:25:41.659Z", "user": 1, "content_type": 4, "object_id": "5", "object_repr": "Arjun", "action_flag": 3, "change_message": ""}}, {"model": "admin.logentry", "pk": 66, "fields": {"action_time": "2019-10-27T06:34:28.020Z", "user": 1, "content_type": 4, "object_id": "6", "object_repr": "Arjun", "action_flag": 3, "change_message": ""}}, {"model": "admin.logentry", "pk": 67, "fields": {"action_time": "2019-10-27T06:34:51.827Z", "user": 1, "content_type": 4, "object_id": "7", "object_repr": "nu1", "action_flag": 1, "change_message": "[{\"added\": {}}]"}}, {"model": "admin.logentry", "pk": 68, "fields": {"action_time": "2019-10-27T06:35:21.659Z", "user": 1, "content_type": 13, "object_id": "2", "object_repr": "nu1's Profile", "action_flag": 1, "change_message": "[{\"added\": {}}]"}}, {"model": "admin.logentry", "pk": 69, "fields": {"action_time": "2019-10-27T07:00:32.428Z", "user": 1, "content_type": 13, "object_id": "2", "object_repr": "nu1's Profile", "action_flag": 3, "change_message": ""}}, {"model": "admin.logentry", "pk": 70, "fields": {"action_time": "2019-10-27T07:00:46.545Z", "user": 1, "content_type": 4, "object_id": "7", "object_repr": "nu1", "action_flag": 3, "change_message": ""}}, {"model": "admin.logentry", "pk": 71, "fields": {"action_time": "2019-10-27T16:34:31.570Z", "user": 1, "content_type": 7, "object_id": "22", "object_repr": "This is a new post", "action_flag": 1, "change_message": "[{\"added\": {}}]"}}, {"model": "admin.logentry", "pk": 72, "fields": {"action_time": "2019-10-28T07:53:15.204Z", "user": 1, "content_type": 14, "object_id": "1", "object_repr": "My first Project", "action_flag": 1, "change_message": "[{\"added\": {}}]"}}, {"model": "admin.logentry", "pk": 73, "fields": {"action_time": "2019-10-28T08:41:41.914Z", "user": 1, "content_type": 14, "object_id": "2", "object_repr": "My Second Project!", "action_flag": 1, "change_message": "[{\"added\": {}}]"}}, {"model": "admin.logentry", "pk": 74, "fields": {"action_time": "2019-10-28T08:42:42.464Z", "user": 1, "content_type": 14, "object_id": "3", "object_repr": "My Third Project!", "action_flag": 1, "change_message": "[{\"added\": {}}]"}}, {"model": "admin.logentry", "pk": 75, "fields": {"action_time": "2019-10-28T09:16:44.057Z", "user": 1, "content_type": 14, "object_id": "3", "object_repr": "My Third Project!", "action_flag": 2, "change_message": "[{\"changed\": {\"fields\": [\"tagline\"]}}]"}}, {"model": "admin.logentry", "pk": 76, "fields": {"action_time": "2019-10-28T09:18:37.406Z", "user": 1, "content_type": 14, "object_id": "1", "object_repr": "My first Project", "action_flag": 2, "change_message": "[{\"changed\": {\"fields\": [\"thumbnail\"]}}]"}}, {"model": "admin.logentry", "pk": 77, "fields": {"action_time": "2019-10-28T09:18:48.553Z", "user": 1, "content_type": 14, "object_id": "3", "object_repr": "My Third Project!", "action_flag": 2, "change_message": "[{\"changed\": {\"fields\": [\"tagline\"]}}]"}}, {"model": "admin.logentry", "pk": 78, "fields": {"action_time": "2019-10-30T15:59:14.399Z", "user": 1, "content_type": 15, "object_id": "1", "object_repr": "My First Certificate", "action_flag": 1, "change_message": "[{\"added\": {}}]"}}, {"model": "admin.logentry", "pk": 79, "fields": {"action_time": "2019-10-30T15:59:52.171Z", "user": 1, "content_type": 15, "object_id": "2", "object_repr": "My Second Certificate", "action_flag": 1, "change_message": "[{\"added\": {}}]"}}, {"model": "admin.logentry", "pk": 80, "fields": {"action_time": "2019-10-30T16:00:33.714Z", "user": 1, "content_type": 15, "object_id": "1", "object_repr": "My First Certificate", "action_flag": 2, "change_message": "[{\"changed\": {\"fields\": [\"content\"]}}]"}}, {"model": "admin.logentry", "pk": 81, "fields": {"action_time": "2019-10-30T16:00:43.675Z", "user": 1, "content_type": 15, "object_id": "2", "object_repr": "My Second Certificate", "action_flag": 2, "change_message": "[{\"changed\": {\"fields\": [\"content\"]}}]"}}, {"model": "admin.logentry", "pk": 82, "fields": {"action_time": "2019-11-03T16:36:59.428Z", "user": 1, "content_type": 8, "object_id": "2", "object_repr": "akash", "action_flag": 1, "change_message": "[{\"added\": {}}]"}}, {"model": "admin.logentry", "pk": 83, "fields": {"action_time": "2019-11-06T12:13:22.944Z", "user": 1, "content_type": 16, "object_id": "1", "object_repr": "Review 1", "action_flag": 1, "change_message": "[{\"added\": {}}]"}}, {"model": "admin.logentry", "pk": 84, "fields": {"action_time": "2019-11-06T12:14:03.803Z", "user": 1, "content_type": 16, "object_id": "2", "object_repr": "Review 2", "action_flag": 1, "change_message": "[{\"added\": {}}]"}}, {"model": "admin.logentry", "pk": 85, "fields": {"action_time": "2019-11-06T12:14:51.716Z", "user": 1, "content_type": 16, "object_id": "3", "object_repr": "Review 3", "action_flag": 1, "change_message": "[{\"added\": {}}]"}}, {"model": "admin.logentry", "pk": 86, "fields": {"action_time": "2019-11-07T16:35:23.309Z", "user": 1, "content_type": 16, "object_id": "5", "object_repr": "Review 4", "action_flag": 1, "change_message": "[{\"added\": {}}]"}}, {"model": "admin.logentry", "pk": 87, "fields": {"action_time": "2019-11-25T02:36:20.915Z", "user": 1, "content_type": 15, "object_id": "3", "object_repr": "IBM Applied AI Professional Certificate", "action_flag": 1, "change_message": "[{\"added\": {}}]"}}]